-- Datos de la Ruta Procesos original (migrados de ruta-procesos-data.js)
PRAGMA foreign_keys = ON;

-- Reemplazar leyendas genericas por las 10 originales
DELETE FROM ruta_procesos_leyenda;
INSERT INTO ruta_procesos_leyenda (id, status_name, hex_color) VALUES
(1, 'ACTIVIDADES PREVIAS (UNIDAD USUARIA)', '#339966'),
(2, 'INICIO (CONTRATACION)', '#333399'),
(3, 'VENTA DE PLIEGO DE CONDICIONES (CONTRATACION)', '#FFFF99'),
(4, 'INICIO (COMISION)', '#FFFF00'),
(5, 'APERTURA DE OFERTAS', '#FF0000'),
(6, 'ANALISIS TECNICO', '#FF9900'),
(7, 'ANALISIS ECONOMICO', '#800080'),
(8, 'RESULTADOS', '#000000'),
(9, 'APROBACION PRESIDENCIA', '#808080'),
(10, 'CONTROL DE DOCUMENTOS PRESIDENCIA', '#FF99CC');

-- Procesos originales
INSERT INTO ruta_procesos_procesos (id, descripcion, db_id, activo) VALUES
(1, 'SERVICIO DE VACUUM PARA EL ACARREO DE FLUIDOS EN EL AREA OPERACIONAL  DE LA EMPRESA MIXTA PETROLERA VENANGOCUPET, S.A.', 36, 1),
(2, 'SERVICIO DE VEHICULOS SIN CHOFER PARA ACTIVIDADES OPERACIONALES Y ADMINISTRATIVAS DE LA EMPRESA MIXTA PETROLERA VENANGOCUPET, S.A. (FASE I)', 34, 1),
(3, 'SERVICIO DE TRANSPORTE CON CHOFER PARA EL PERSONAL DE LAS AREAS OPERACIONALES DE LA EMPRESA MIXTA PETROLERA VENANGOCUPET, S.A. FRENTE A Y B  (FASE I)', 33, 1),
(4, 'SERVICIO DE COMIDAS ADMINISTRATIVAS  PARA EL  PERSONAL  DE LA EMPRESA MIXTA PETROLERA VENANGOCUPET,S.A.', 32, 1),
(5, 'SERVICIO DE MANTENIMIENTO Y LIMPIEZA PARA TRAILER EN AREAS  OPERACIONALES PERTENECIENTES A LA EMPRESA MIXTA PETROLERA VENANGOCUPET, S.A.', 35, 1);

-- Cronograma: Proceso 1 (Vacuum, db_id=36)
INSERT INTO ruta_procesos_cronograma (id_proceso, id_expediente, fecha, id_leyenda, nota) VALUES
(1, 36, '2026-06-04', 1, 'UU CON ACTIVIDADES PREVIAS'),
(1, 36, '2026-06-05', 1, 'UU CON ACTIVIDADES PREVIAS'),
(1, 36, '2026-06-08', 1, 'UU CON ACTIVIDADES PREVIAS'),
(1, 36, '2026-06-09', 1, 'UU CON ACTIVIDADES PREVIAS'),
(1, 36, '2026-06-10', 10, 'U.U. ENTREGA ACTIVIDADES PREVIAS PARA FIRMA DEL NAAF / FIRMADAS Y DEVUELTAS EN LA MISMA FECHA'),
(1, 36, '2026-06-11', 2, 'U.U. ENTREGA ACTIVIDADES PREVIAS EN CONTRATACION PARA INICIO'),
(1, 36, '2026-06-12', 2, 'ACTIVIDADES PREVIAS EN CONTRATACION PARA INICIO'),
(1, 36, '2026-06-15', 2, NULL),
(1, 36, '2026-06-16', 2, NULL),
(1, 36, '2026-06-17', 4, NULL),
(1, 36, '2026-06-18', 4, NULL),
(1, 36, '2026-06-19', 4, NULL),
(1, 36, '2026-06-22', 10, NULL),
(1, 36, '2026-06-23', 10, NULL),
(1, 36, '2026-06-24', 5, NULL),
(1, 36, '2026-06-25', 5, NULL);

-- Cronograma: Proceso 2 (Vehiculos, db_id=34)
INSERT INTO ruta_procesos_cronograma (id_proceso, id_expediente, fecha, id_leyenda, nota) VALUES
(2, 34, '2026-06-04', 1, 'UU CON ACTIVIDADES PREVIAS'),
(2, 34, '2026-06-05', 2, 'U.U. ENTREGA ACTIVIDADES PREVIAS EN CONTRATACION PARA INICIO'),
(2, 34, '2026-06-08', 2, NULL),
(2, 34, '2026-06-09', 2, NULL),
(2, 34, '2026-06-10', 2, NULL),
(2, 34, '2026-06-11', 10, 'CONTRATACION ENTREGA ACTA DE INICIO PARA FIRMA DEL NAAF'),
(2, 34, '2026-06-12', 4, 'FIRMADO POR EL NAAF Y ENTREGADO EN CONTRATACION / CONTRATACION ENTREGO INICIO EN COMISION'),
(2, 34, '2026-06-15', 4, 'VISTO POR COMISION / CONTRATACION REALIZANDO CORRECCIONES SOLICITADAS'),
(2, 34, '2026-06-16', 10, 'COMISION/ ENTREGADO INICIO EN CONTRATACION'),
(2, 34, '2026-06-17', 2, NULL),
(2, 34, '2026-06-18', 3, NULL),
(2, 34, '2026-06-19', 3, NULL),
(2, 34, '2026-06-22', 3, NULL),
(2, 34, '2026-06-23', 3, NULL),
(2, 34, '2026-06-24', 3, NULL),
(2, 34, '2026-06-25', 3, NULL),
(2, 34, '2026-06-26', 3, NULL),
(2, 34, '2026-06-29', 3, NULL),
(2, 34, '2026-06-30', 3, NULL),
(2, 34, '2026-07-01', 3, NULL);

-- Cronograma: Proceso 3 (Transporte, db_id=33)
INSERT INTO ruta_procesos_cronograma (id_proceso, id_expediente, fecha, id_leyenda, nota) VALUES
(3, 33, '2026-06-04', 1, 'UU CON ACTIVIDADES PREVIAS'),
(3, 33, '2026-06-05', 2, 'U.U. ENTREGA ACTIVIDADES PREVIAS EN CONTRATACION PARA INICIO'),
(3, 33, '2026-06-08', 2, NULL),
(3, 33, '2026-06-09', 2, NULL),
(3, 33, '2026-06-10', 2, NULL),
(3, 33, '2026-06-11', 10, 'CONTRATACION ENTREGA ACTA DE INICIO PARA FIRMA DEL NAAF'),
(3, 33, '2026-06-12', 2, 'FIRMADO POR EL NAAF Y ENTREGADO EN CONTRATACION'),
(3, 33, '2026-06-15', 4, 'VISTO POR COMISION / CONTRATACION REALIZANDO CORRECCIONES SOLICITADAS'),
(3, 33, '2026-06-16', 10, 'VISTO POR COMISION / CONTRATACION REALIZANDO CORRECCIONES SOLICITADAS / ENTREGADO INICIO EN CONTRATACION'),
(3, 33, '2026-06-17', 2, NULL),
(3, 33, '2026-06-18', 3, NULL),
(3, 33, '2026-06-19', 3, NULL),
(3, 33, '2026-06-22', 3, NULL),
(3, 33, '2026-06-23', 3, NULL),
(3, 33, '2026-06-24', 3, NULL),
(3, 33, '2026-06-25', 3, NULL),
(3, 33, '2026-06-26', 3, NULL),
(3, 33, '2026-06-29', 3, NULL),
(3, 33, '2026-06-30', 3, NULL),
(3, 33, '2026-07-01', 3, NULL),
(3, 33, '2026-07-02', 3, NULL),
(3, 33, '2026-07-03', 3, NULL),
(3, 33, '2026-07-06', 3, NULL);

-- Cronograma: Proceso 4 (Comidas, db_id=32)
INSERT INTO ruta_procesos_cronograma (id_proceso, id_expediente, fecha, id_leyenda, nota) VALUES
(4, 32, '2026-06-04', 1, 'UU CON ACTIVIDADES PREVIAS'),
(4, 32, '2026-06-05', 2, 'U.U. ENTREGA ACTIVIDADES PREVIAS EN CONTRATACION PARA INICIO'),
(4, 32, '2026-06-08', 2, NULL),
(4, 32, '2026-06-09', 2, NULL),
(4, 32, '2026-06-10', 10, 'CONTRATACION ENTREGA ACTA DE INICIO PARA FIRMA DEL NAAF'),
(4, 32, '2026-06-11', 10, NULL),
(4, 32, '2026-06-12', 4, 'FIRMADO POR EL NAAF Y ENTREGADO EN CONTRATACION / CONTRATACION ENTREGO INICIO EN COMISION'),
(4, 32, '2026-06-15', 4, 'VISTO POR COMISION / CONTRATACION REALIZANDO CORRECCIONES SOLICITADAS'),
(4, 32, '2026-06-16', 10, 'COMISION/ ENTREGADO INICIO EN CONTRATACION'),
(4, 32, '2026-06-17', 2, NULL),
(4, 32, '2026-06-18', 3, NULL),
(4, 32, '2026-06-19', 3, NULL),
(4, 32, '2026-06-22', 3, NULL),
(4, 32, '2026-06-23', 3, NULL),
(4, 32, '2026-06-24', 3, NULL),
(4, 32, '2026-06-25', 3, NULL),
(4, 32, '2026-06-26', 3, NULL),
(4, 32, '2026-06-29', 3, NULL),
(4, 32, '2026-06-30', 3, NULL),
(4, 32, '2026-07-01', 3, NULL);

-- Cronograma: Proceso 5 (Mantenimiento, db_id=35)
INSERT INTO ruta_procesos_cronograma (id_proceso, id_expediente, fecha, id_leyenda, nota) VALUES
(5, 35, '2026-06-04', 1, 'UU CON ACTIVIDADES PREVIAS'),
(5, 35, '2026-06-05', 1, 'UU CON ACTIVIDADES PREVIAS'),
(5, 35, '2026-06-08', 1, 'UU CON ACTIVIDADES PREVIAS'),
(5, 35, '2026-06-09', 10, 'U.U. ENTREGA ACTIVIDADES PREVIAS PARA FIRMA DEL NAAF'),
(5, 35, '2026-06-10', 10, 'ACTIVIDADES PREVIAS FIRMADAS POR EL NAAF / ENTREGADAS A LA U.U'),
(5, 35, '2026-06-11', 2, 'U.U. ENTREGA ACTIVIDADES PREVIAS EN CONTRATACION PARA INICIO'),
(5, 35, '2026-06-12', 2, 'ACTIVIDADES PREVIAS EN CONTRATACION PARA INICIO'),
(5, 35, '2026-06-15', 2, NULL),
(5, 35, '2026-06-16', 10, NULL),
(5, 35, '2026-06-17', 4, NULL),
(5, 35, '2026-06-18', 4, NULL),
(5, 35, '2026-06-19', 2, NULL),
(5, 35, '2026-06-22', 4, NULL),
(5, 35, '2026-06-23', 4, NULL),
(5, 35, '2026-06-24', 5, NULL),
(5, 35, '2026-06-25', 5, NULL);
